BookingID,PassengerID,FlightID,BookingDate,SeatID
1085601,10856,AA0164051723,05-07-2023,6A
4387201,43872,AA0164051723,05-09-2023,7A
4263301,42633,AA0164051723,05-01-2023,9E
7849301,78493,AA0164051723,05-03-2023,22B
8207201,82072,AA0164051723,04-06-2023,20D
3963001,39630,AA0164051723,05-04-2023,12C
1194001,11940,AA0164051723,05-08-2023,22A
2647001,26470,AA0164051723,05-09-2023,4F
2944701,29447,AA0164051723,05-03-2023,15A
7503501,75035,AA0164051723,04-23-2023,3E
2927801,29278,AA0976051823,05-09-2023,2D
9010601,90106,AA0976051823,05-01-2023,5B
1963101,19631,AA0976051823,05-10-2023,14F
5810901,58109,AA0976051823,04-02-2023,21E
5352401,53524,AA0976051823,05-09-2023,25F
2206401,22064,AA0976051823,05-03-2023,8A
1287401,12874,AA0976051823,04-08-2023,25E
3978301,39783,AA0976051823,04-16-2023,24E
1546101,15461,AA0976051823,04-25-2023,11B
9764901,97649,AA0976051823,05-07-2023,4A
6114501,61145,AA0430053023,04-13-2023,12A
8243101,82431,AA0430053023,04-06-2023,22E
4519601,45196,AA0430053023,05-27-2023,15F
9834401,98344,AA0430053023,05-22-2023,17C
4086401,40864,AA0430053023,04-05-2023,1E
1577401,15774,AA0937052323,04-12-2023,2F
3755801,37558,AA0937052323,05-22-2023,22F
3743401,37434,AA0937052323,05-07-2023,9C
1460501,14605,AA0937052323,04-28-2023,11E
8588901,85889,AA0937052323,04-19-2023,20C
3064201,30642,AS0285052723,05-03-2023,12E
6453501,64535,AS0285052723,04-24-2023,1A
9948001,99480,AS0285052723,05-22-2023,21B
4300001,43000,AS0285052723,05-21-2023,24A
1920501,19205,AS0285052723,05-20-2023,14A
9075601,90756,AS1284052823,05-01-2023,8B
8802501,88025,AS1284052823,05-23-2023,22D
5867701,58677,AS1284052823,04-13-2023,23D
7542601,75426,AS1284052823,04-29-2023,6F
5515201,55152,AS1284052823,04-11-2023,4B
2282701,22827,AS2245052423,05-14-2023,8E
3988001,39880,AS2245052423,05-21-2023,19E
8085201,80852,AS2245052423,04-03-2023,22C
9376101,93761,AS2245052423,05-13-2023,19A
1886201,18862,AS2245052423,05-17-2023,3B
5979101,59791,AA9937052723,05-07-2023,8F
8516601,85166,AA4447052123,05-17-2023,11C
8992501,89925,AA4585052323,05-05-2023,14D
9502401,95024,AA4585052323,04-30-2023,3F
1198301,11983,AA4585052323,05-12-2023,18B
3064202,30642,AA1102053023,05-28-2023,16A
6453502,64535,AA1102053023,05-28-2023,10B
9948002,99480,AA1102053023,05-27-2023,7D
4300002,43000,AA1102053023,05-29-2023,2B
1920502,19205,AA1102053023,05-25-2023,2C
9075602,90756,AA2626052823,05-24-2023,15E
8802502,88025,AA2626052823,05-10-2023,16D
5867702,58677,AA2626052823,05-19-2023,9D
7542602,75426,AA2626052823,05-15-2023,11A
5515202,55152,AA2626052823,05-27-2023,14B
2282702,22827,AA2274052823,05-24-2023,1D
3988002,39880,AA2274052823,05-26-2023,6B
8085202,80852,AA2274052823,05-23-2023,10C
9376102,93761,AS1226052523,05-21-2023,1C
1886202,18862,AS1226052523,05-20-2023,17B
5979102,59791,AS2084052923,05-20-2023,19C
8516602,85166,AS2091052423,05-20-2023,5C
8992502,89925,AS2091052423,05-19-2023,13B
9502402,95024,DL1859052723,05-22-2023,23A
1198302,11983,DL1859052723,05-23-2023,4C
5979103,59791,HA0566052823,05-24-2023,6E
8516603,85166,HA0566052823,05-24-2023,7E
8992503,89925,AA2576053023,05-10-2023,19B
9502403,95024,AA0706052923,05-30-2023,7B
1198303,11983,AA2526053123,05-31-2023,20B
